Country,Date,Cases,Deaths
Guinea,29/8/2014,648,430
Nigeria,29/8/2014,19,7
Sierra Leone,29/8/2014,1026,422
Liberia,29/8/2014,1378,694
Sierra Leone,5/9/2014,1261,491
Nigeria,5/9/2014,22,8
Liberia,5/9/2014,1871,1089
Guinea,5/9/2014,812,517
Senegal,5/9/2014,1,0
Senegal,8/9/2014,3,0
Guinea,8/9/2014,862,555
Sierra Leone,8/9/2014,1361,509
Liberia,8/9/2014,2046,1224
Nigeria,8/9/2014,21,8
Guinea,12/9/2014,861,557
Sierra Leone,12/9/2014,1424,524
Nigeria,12/9/2014,21,8
Liberia,12/9/2014,2081,1137
Senegal,12/9/2014,3,0
Senegal,16/9/2014,1,0
Sierra Leone,16/9/2014,1620,562
Guinea,16/9/2014,936,595
Nigeria,16/9/2014,21,8
Liberia,16/9/2014,2407,1296
Nigeria,18/9/2014,21,8
Guinea,18/9/2014,942,601
Sierra Leone,18/9/2014,1673,562
Liberia,18/9/2014,2710,1459
Senegal,18/9/2014,1,0
Nigeria,22/9/2014,20,8
Sierra Leone,22/9/2014,1813,593
Liberia,22/9/2014,3022,1578
Senegal,22/9/2014,1,0
Guinea,22/9/2014,1008,632
Liberia,24/9/2014,3280,1677
Guinea,24/9/2014,1022,635
Nigeria,24/9/2014,20,8
Senegal,24/9/2014,1,0
Sierra Leone,24/9/2014,1940,597
Sierra Leone,26/9/2014,2021,605
Liberia,26/9/2014,3458,1830
Senegal,26/9/2014,1,0
Guinea,26/9/2014,1074,648
Nigeria,26/9/2014,20,8
Guinea,1/10/2014,1157,710
Senegal,1/10/2014,1,0
Nigeria,1/10/2014,20,8
Sierra Leone,1/10/2014,2304,622
Liberia,1/10/2014,3696,1998
United States of America,3/10/2014,1,0
Nigeria,3/10/2014,20,8
Guinea,3/10/2014,1199,739
Liberia,3/10/2014,3834,2069
Sierra Leone,3/10/2014,2437,623
Senegal,3/10/2014,1,0
Nigeria,8/10/2014,20,8
United States of America,8/10/2014,1,0
Senegal,8/10/2014,1,0
Guinea,8/10/2014,1298,768
Sierra Leone,8/10/2014,2789,879
Liberia,8/10/2014,3924,2210
United States of America,10/10/2014,1,0
Senegal,10/10/2014,1,0
Liberia,10/10/2014,4076,2316
Nigeria,10/10/2014,20,8
Spain,10/10/2014,1,0
Guinea,10/10/2014,1350,778
Sierra Leone,10/10/2014,2950,930
United States of America,15/10/2014,2,1
Senegal,15/10/2014,1,0
Nigeria,15/10/2014,20,8
Liberia,15/10/2014,4249,2458
Spain,15/10/2014,1,0
Guinea,15/10/2014,1472,843
Sierra Leone,15/10/2014,3252,1183
Guinea,17/10/2014,1519,862
Nigeria,17/10/2014,20,8
Spain,17/10/2014,1,0
Senegal,17/10/2014,1,0
United States of America,17/10/2014,3,1
Liberia,17/10/2014,4262,2484
Sierra Leone,17/10/2014,3410,1200
Nigeria,22/10/2014,20,8
Spain,22/10/2014,1,0
United States of America,22/10/2014,3,1
Sierra Leone,22/10/2014,3706,1259
Senegal,22/10/2014,1,0
Liberia,22/10/2014,4665,2705
Guinea,22/10/2014,1540,904
Mali,25/10/2014,1,1
United States of America,25/10/2014,4,1
Sierra Leone,25/10/2014,3896,1281
Spain,25/10/2014,1,0
Senegal,25/10/2014,1,0
Nigeria,25/10/2014,20,8
Guinea,25/10/2014,1553,926
Liberia,25/10/2014,4665,2705
Liberia,29/10/2014,6535,2413
Mali,29/10/2014,1,1
Nigeria,29/10/2014,20,8
Senegal,29/10/2014,1,0
Spain,29/10/2014,1,0
Guinea,29/10/2014,1906,997
United States of America,29/10/2014,4,1
Sierra Leone,29/10/2014,5235,1500
Guinea,31/10/2014,1667,1018
Nigeria,31/10/2014,20,8
Spain,31/10/2014,1,0
United States of America,31/10/2014,4,1
Senegal,31/10/2014,1,0
Mali,31/10/2014,1,1
Liberia,31/10/2014,6535,2413
Sierra Leone,31/10/2014,5338,1510
Spain,5/11/2014,1,0
United States of America,5/11/2014,4,1
Guinea,5/11/2014,1731,1041
Liberia,5/11/2014,6525,2697
Mali,5/11/2014,1,1
Nigeria,5/11/2014,20,8
Senegal,5/11/2014,1,0
Sierra Leone,5/11/2014,4759,1070
Nigeria,7/11/2014,20,8
Guinea,7/11/2014,1760,1054
United States of America,7/11/2014,4,1
Senegal,7/11/2014,1,0
Liberia,7/11/2014,6619,2766
Spain,7/11/2014,1,0
Mali,7/11/2014,1,1
Sierra Leone,7/11/2014,4862,1130
Spain,12/11/2014,1,0
United States of America,12/11/2014,4,1
Mali,12/11/2014,4,4
Nigeria,12/11/2014,20,8
Guinea,12/11/2014,1878,1142
Sierra Leone,12/11/2014,5368,1169
Liberia,12/11/2014,6822,2836
Senegal,12/11/2014,1,0
Senegal,14/11/2014,1,0
Guinea,14/11/2014,1919,1166
Spain,14/11/2014,1,0
Nigeria,14/11/2014,20,8
Mali,14/11/2014,4,3
United States of America,14/11/2014,4,1
Liberia,14/11/2014,6878,2812
Sierra Leone,14/11/2014,5586,1187
Liberia,19/11/2014,7069,2964
Spain,19/11/2014,1,0
Sierra Leone,19/11/2014,6073,1250
Senegal,19/11/2014,1,0
Nigeria,19/11/2014,20,8
Mali,19/11/2014,6,5
United States of America,19/11/2014,4,1
Guinea,19/11/2014,1971,1192
Spain,21/11/2014,1,0
Liberia,21/11/2014,7082,2963
Nigeria,21/11/2014,20,8
United States of America,21/11/2014,4,1
Sierra Leone,21/11/2014,6190,1267
Mali,21/11/2014,6,6
Senegal,21/11/2014,1,0
Guinea,21/11/2014,2047,1214
Sierra Leone,26/11/2014,6599,1398
Liberia,26/11/2014,7168,3016
Mali,26/11/2014,8,6
United States of America,26/11/2014,4,1
Spain,26/11/2014,1,0
Nigeria,26/11/2014,20,8
Guinea,26/11/2014,2134,1260
Senegal,26/11/2014,1,0
Senegal,1/12/2014,1,0
Mali,1/12/2014,8,6
Spain,1/12/2014,1,0
Sierra Leone,1/12/2014,7109,1530
Liberia,1/12/2014,7635,3145
Nigeria,1/12/2014,20,8
Guinea,1/12/2014,2155,1312
United States of America,1/12/2014,4,1
Mali,3/12/2014,8,6
Spain,3/12/2014,1,0
Guinea,3/12/2014,2164,1327
Senegal,3/12/2014,1,0
Sierra Leone,3/12/2014,7312,1583
Liberia,3/12/2014,7635,3145
United States of America,3/12/2014,4,1
Nigeria,3/12/2014,20,8
Spain,10/12/2014,1,0
Guinea,10/12/2014,2292,1428
Senegal,10/12/2014,1,0
Mali,10/12/2014,8,6
Liberia,10/12/2014,7719,3177
Sierra Leone,10/12/2014,7897,1768
Nigeria,10/12/2014,20,8
United States of America,10/12/2014,4,1
Spain,15/12/2014,1,0
Nigeria,15/12/2014,20,8
Guinea,15/12/2014,2394,1518
United States of America,15/12/2014,4,1
Mali,15/12/2014,8,6
Liberia,15/12/2014,7797,3290
Senegal,15/12/2014,1,0
Sierra Leone,15/12/2014,8273,2033
Nigeria,17/12/2014,20,8
Senegal,17/12/2014,1,0
Spain,17/12/2014,1,0
Liberia,17/12/2014,7797,3290
Mali,17/12/2014,8,6
United States of America,17/12/2014,4,1
Guinea,17/12/2014,2416,1525
Sierra Leone,17/12/2014,8356,2085
Spain,22/12/2014,1,0
United States of America,22/12/2014,4,1
Nigeria,22/12/2014,20,8
Senegal,22/12/2014,1,0
Guinea,22/12/2014,2571,1586
Liberia,22/12/2014,7830,3376
Mali,22/12/2014,8,6
Sierra Leone,22/12/2014,8939,2556
Sierra Leone,23/12/2014,9004,2582
Mali,23/12/2014,8,6
Spain,23/12/2014,1,0
Liberia,23/12/2014,7830,3376
Senegal,23/12/2014,1,0
Guinea,23/12/2014,2597,1607
Nigeria,23/12/2014,20,8
United States of America,23/12/2014,4,1
Nigeria,24/12/2014,20,8
Senegal,24/12/2014,1,0
Guinea,24/12/2014,2597,1607
Sierra Leone,24/12/2014,9004,2582
Spain,24/12/2014,1,0
Mali,24/12/2014,8,6
Liberia,24/12/2014,7862,3384
United States of America,24/12/2014,4,1
Senegal,26/12/2014,1,0
Mali,26/12/2014,8,6
Sierra Leone,26/12/2014,9203,2655
United States of America,26/12/2014,4,1
Nigeria,26/12/2014,20,8
Guinea,26/12/2014,2630,1654
Liberia,26/12/2014,7862,3384
Spain,26/12/2014,1,0
United States of America,29/12/2014,4,1
Sierra Leone,29/12/2014,9409,2732
Nigeria,29/12/2014,20,8
Mali,29/12/2014,8,6
Liberia,29/12/2014,7977,3413
Guinea,29/12/2014,2695,1697
Senegal,29/12/2014,1,0
Spain,29/12/2014,1,0
United States of America,30/12/2014,4,1
Sierra Leone,30/12/2014,9446,2758
Mali,30/12/2014,8,6
Liberia,30/12/2014,7977,3413
Guinea,30/12/2014,2706,1708
Spain,30/12/2014,1,0
Senegal,30/12/2014,1,0
Nigeria,30/12/2014,20,8
Spain,31/12/2014,1,0
Senegal,31/12/2014,1,0
Liberia,31/12/2014,8018,3423
Sierra Leone,31/12/2014,9446,2758
Mali,31/12/2014,8,6
Nigeria,31/12/2014,20,8
United States of America,31/12/2014,4,1
Guinea,31/12/2014,2707,1709
Nigeria,2/1/2015,20,8
Spain,2/1/2015,1,0
United States of America,2/1/2015,4,1
Senegal,2/1/2015,1,0
United Kingdom,2/1/2015,0,0
Liberia,2/1/2015,8018,3423
Sierra Leone,2/1/2015,9633,2827
Mali,2/1/2015,8,6
Guinea,2/1/2015,2730,1739
Sierra Leone,5/1/2015,9772,2915
Liberia,5/1/2015,8115,3471
Spain,5/1/2015,1,0
Nigeria,5/1/2015,20,8
United Kingdom,5/1/2015,0,0
Guinea,5/1/2015,2769,1767
United States of America,5/1/2015,4,1
Mali,5/1/2015,8,6
Senegal,5/1/2015,1,0
United Kingdom,6/1/2015,1,0
Guinea,6/1/2015,2775,1781
Sierra Leone,6/1/2015,9780,2943
Liberia,6/1/2015,8157,3496
Spain,6/1/2015,1,0
United States of America,6/1/2015,4,1
Senegal,6/1/2015,1,0
Nigeria,6/1/2015,20,8
Mali,6/1/2015,8,6
Spain,7/1/2015,1,0
Guinea,7/1/2015,2775,1781
Senegal,7/1/2015,1,0
Nigeria,7/1/2015,20,8
United Kingdom,7/1/2015,1,0
Mali,7/1/2015,8,6
United States of America,7/1/2015,4,1
Sierra Leone,7/1/2015,9780,2943
Liberia,7/1/2015,8157,3496
United Kingdom,8/1/2015,,0
Mali,8/1/2015,,6
Guinea,8/1/2015,2776,1786
Sierra Leone,8/1/2015,10030,2977
Liberia,8/1/2015,8166,3496
Mali,9/1/2015,,6
Guinea,9/1/2015,2793,1797
United Kingdom,9/1/2015,,0
Sierra Leone,9/1/2015,10030,2977
Liberia,9/1/2015,8263,3515
Liberia,12/1/2015,8278,3515
United Kingdom,12/1/2015,,0
Sierra Leone,12/1/2015,10094,3049
Mali,12/1/2015,,6
Guinea,12/1/2015,2799,1807
United Kingdom,13/1/2015,,0
Mali,13/1/2015,,6
Guinea,13/1/2015,2799,1807
Liberia,13/1/2015,8278,3515
Sierra Leone,13/1/2015,10094,3049
Liberia,14/1/2015,8331,3538
United States of America,14/1/2015,4,1
Senegal,14/1/2015,1,0
Guinea,14/1/2015,2806,1814
Spain,14/1/2015,1,0
Nigeria,14/1/2015,20,8
Sierra Leone,14/1/2015,10124,3062
Mali,14/1/2015,8,6
United Kingdom,14/1/2015,1,0
Sierra Leone,15/1/2015,10150,3067
Liberia,15/1/2015,8362,3556
United States of America,15/1/2015,4,1
Mali,15/1/2015,8,6
Spain,15/1/2015,1,0
Guinea,15/1/2015,2817,1821
United Kingdom,15/1/2015,1,0
Nigeria,15/1/2015,20,8
Senegal,15/1/2015,1,0
Spain,16/1/2015,1,0
Nigeria,16/1/2015,20,8
Guinea,16/1/2015,2825,1829
Mali,16/1/2015,8,6
Senegal,16/1/2015,1,0
Liberia,16/1/2015,8362,3556
United States of America,16/1/2015,4,1
Sierra Leone,16/1/2015,10186,3083
United Kingdom,16/1/2015,1,0
Nigeria,19/1/2015,20,8
Liberia,19/1/2015,8435,3587
United Kingdom,19/1/2015,1,0
Spain,19/1/2015,1,0
Guinea,19/1/2015,2873,1875
Sierra Leone,19/1/2015,10306,3132
Senegal,19/1/2015,1,0
United States of America,19/1/2015,4,1
Mali,19/1/2015,8,6
Spain,20/1/2015,1,0
United Kingdom,20/1/2015,1,0
Senegal,20/1/2015,1,0
Nigeria,20/1/2015,20,8
Liberia,20/1/2015,8478,3605
Guinea,20/1/2015,2871,1876
Mali,20/1/2015,8,6
United States of America,20/1/2015,4,1
Sierra Leone,20/1/2015,10340,3145
Sierra Leone,21/1/2015,10340,3145
Nigeria,21/1/2015,20,8
Liberia,21/1/2015,8478,3605
Spain,21/1/2015,1,0
Mali,21/1/2015,8,6
Senegal,21/1/2015,1,0
United States of America,21/1/2015,4,1
Guinea,21/1/2015,2871,1876
United Kingdom,21/1/2015,1,0
Liberia,22/1/2015,8524,3636
Senegal,22/1/2015,1,0
United States of America,22/1/2015,4,1
Nigeria,22/1/2015,20,8
Sierra Leone,22/1/2015,10362,3153
Mali,22/1/2015,8,6
Guinea,22/1/2015,2873,1879
Spain,22/1/2015,1,0
United Kingdom,22/1/2015,1,0
Sierra Leone,23/1/2015,10400,3159
Mali,23/1/2015,8,6
Liberia,23/1/2015,8524,3636
Spain,23/1/2015,1,0
Guinea,23/1/2015,2873,1880
Senegal,23/1/2015,1,0
Nigeria,23/1/2015,20,8
United States of America,23/1/2015,4,1
United Kingdom,23/1/2015,1,0
Senegal,26/1/2015,1,0
Sierra Leone,26/1/2015,10491,3195
Nigeria,26/1/2015,20,8
United States of America,26/1/2015,4,1
Guinea,26/1/2015,2909,1906
United Kingdom,26/1/2015,1,0
Mali,26/1/2015,8,6
Liberia,26/1/2015,8524,3636
Spain,26/1/2015,1,0
Mali,27/1/2015,8,6
Liberia,27/1/2015,8622,3686
United States of America,27/1/2015,4,1
Spain,27/1/2015,1,0
Nigeria,27/1/2015,20,8
Senegal,27/1/2015,1,0
Sierra Leone,27/1/2015,10518,3199
United Kingdom,27/1/2015,1,0
Guinea,27/1/2015,2917,1910
Senegal,28/1/2015,1,0
Liberia,28/1/2015,8622,3686
United States of America,28/1/2015,4,1
Sierra Leone,28/1/2015,10518,3199
Spain,28/1/2015,1,0
United Kingdom,28/1/2015,1,0
Mali,28/1/2015,8,6
Nigeria,28/1/2015,20,8
Guinea,28/1/2015,2917,1910
Mali,29/1/2015,8,6
Nigeria,29/1/2015,20,8
Spain,29/1/2015,1,0
Liberia,29/1/2015,8643,3700
United States of America,29/1/2015,4,1
Senegal,29/1/2015,1,0
Sierra Leone,29/1/2015,10537,3207
Guinea,29/1/2015,2921,1911
United Kingdom,29/1/2015,1,0
Spain,30/1/2015,1,0
Liberia,30/1/2015,8643,3700
Sierra Leone,30/1/2015,10561,3216
United Kingdom,30/1/2015,1,0
Senegal,30/1/2015,1,0
United States of America,30/1/2015,4,1
Guinea,30/1/2015,2920,1913
Nigeria,30/1/2015,20,8
Mali,30/1/2015,8,6
Liberia,2/2/2015,8668,3710
Sierra Leone,2/2/2015,10707,3274
United States of America,2/2/2015,4,1
Nigeria,2/2/2015,20,8
Senegal,2/2/2015,1,0
Guinea,2/2/2015,2959,1937
Mali,2/2/2015,8,6
Spain,2/2/2015,1,0
United Kingdom,2/2/2015,1,0
Guinea,3/2/2015,2975,1944
Mali,3/2/2015,8,6
Senegal,3/2/2015,1,0
Liberia,3/2/2015,8729,3739
Nigeria,3/2/2015,20,8
United Kingdom,3/2/2015,1,0
Spain,3/2/2015,1,0
Sierra Leone,3/2/2015,10740,3276
United States of America,3/2/2015,4,1
Sierra Leone,4/2/2015,10740,3276
Mali,4/2/2015,8,6
Liberia,4/2/2015,8745,3746
Guinea,4/2/2015,2975,1944
Spain,4/2/2015,1,0
United Kingdom,4/2/2015,1,0
Senegal,4/2/2015,1,0
Nigeria,4/2/2015,20,8
United States of America,4/2/2015,4,1
United Kingdom,5/2/2015,1,0
United States of America,5/2/2015,4,1
Mali,5/2/2015,8,6
Guinea,5/2/2015,2986,1947
Sierra Leone,5/2/2015,10756,3286
Nigeria,5/2/2015,20,8
Liberia,5/2/2015,8745,3746
Senegal,5/2/2015,1,0
Spain,5/2/2015,1,0
Nigeria,6/2/2015,20,8
Mali,6/2/2015,8,6
Spain,6/2/2015,1,0
Senegal,6/2/2015,1,0
Sierra Leone,6/2/2015,10792,3301
Liberia,6/2/2015,8745,3746
United States of America,6/2/2015,4,1
United Kingdom,6/2/2015,1,0
Guinea,6/2/2015,2988,1957
Guinea,10/2/2015,3044,1995
Spain,10/2/2015,1,0
Mali,10/2/2015,8,6
United States of America,10/2/2015,4,1
Liberia,10/2/2015,8881,3826
Senegal,10/2/2015,1,0
Sierra Leone,10/2/2015,10934,3341
United Kingdom,10/2/2015,1,0
Nigeria,10/2/2015,20,8
United States of America,11/2/2015,4,1
Nigeria,11/2/2015,20,8
Sierra Leone,11/2/2015,10934,3341
Guinea,11/2/2015,3044,1995
Senegal,11/2/2015,1,0
Liberia,11/2/2015,8881,3826
Mali,11/2/2015,8,6
Spain,11/2/2015,1,0
United Kingdom,11/2/2015,1,0
Guinea,12/2/2015,3068,2018
Sierra Leone,12/2/2015,10954,3350
Liberia,12/2/2015,8881,3826
Nigeria,12/2/2015,20,8
United Kingdom,12/2/2015,1,0
Mali,12/2/2015,8,6
Senegal,12/2/2015,1,0
Spain,12/2/2015,1,0
United States of America,12/2/2015,4,1
Sierra Leone,13/2/2015,10987,3363
Senegal,13/2/2015,1,0
Spain,13/2/2015,1,0
Mali,13/2/2015,8,6
Guinea,13/2/2015,3081,2032
United Kingdom,13/2/2015,1,0
United States of America,13/2/2015,4,1
Liberia,13/2/2015,8931,3858
Nigeria,13/2/2015,20,8
Liberia,16/2/2015,9007,3900
United States of America,16/2/2015,4,1
Mali,16/2/2015,8,6
United Kingdom,16/2/2015,1,0
Guinea,16/2/2015,3101,2052
Senegal,16/2/2015,1,0
Spain,16/2/2015,1,0
Sierra Leone,16/2/2015,11074,3401
Nigeria,16/2/2015,20,8
Nigeria,17/2/2015,20,8
Liberia,17/2/2015,9007,3900
United States of America,17/2/2015,4,1
Guinea,17/2/2015,3108,2057
Sierra Leone,17/2/2015,11103,3408
Spain,17/2/2015,1,0
Mali,17/2/2015,8,6
United Kingdom,17/2/2015,1,0
Senegal,17/2/2015,1,0
Sierra Leone,18/2/2015,11103,3408
United Kingdom,18/2/2015,1,0
Nigeria,18/2/2015,20,8
Spain,18/2/2015,1,0
Mali,18/2/2015,8,6
Liberia,18/2/2015,9007,3900
Senegal,18/2/2015,1,0
Guinea,18/2/2015,3108,2057
United States of America,18/2/2015,4,1
Nigeria,19/2/2015,20,8
United States of America,19/2/2015,4,1
Liberia,19/2/2015,9096,3947
Senegal,19/2/2015,1,0
Sierra Leone,19/2/2015,11155,3423
Spain,19/2/2015,1,0
Mali,19/2/2015,8,6
Guinea,19/2/2015,3115,2067
United Kingdom,19/2/2015,1,0
United Kingdom,20/2/2015,1,0
Liberia,20/2/2015,9096,3947
Guinea,20/2/2015,3120,2072
United States of America,20/2/2015,4,1
Nigeria,20/2/2015,20,8
Sierra Leone,20/2/2015,11155,3423
Mali,20/2/2015,8,6
Spain,20/2/2015,1,0
Senegal,20/2/2015,1,0
Liberia,23/2/2015,9229,4032
Senegal,23/2/2015,1,0
Spain,23/2/2015,1,0
United Kingdom,23/2/2015,1,0
Mali,23/2/2015,8,6
Sierra Leone,23/2/2015,11155,3423
Nigeria,23/2/2015,20,8
Guinea,23/2/2015,3155,2086
United States of America,23/2/2015,4,1
United Kingdom,25/2/2015,1,0
Sierra Leone,25/2/2015,11301,3461
Liberia,25/2/2015,9238,4037
Nigeria,25/2/2015,20,8
Mali,25/2/2015,8,6
United States of America,25/2/2015,4,1
Guinea,25/2/2015,3155,2091
Senegal,25/2/2015,1,0
Spain,25/2/2015,1,0
Mali,26/2/2015,8,6
Senegal,26/2/2015,1,0
Guinea,26/2/2015,3175,2101
Sierra Leone,26/2/2015,11341,3479
United Kingdom,26/2/2015,1,0
United States of America,26/2/2015,4,1
Liberia,26/2/2015,9265,4057
Nigeria,26/2/2015,20,8
Spain,26/2/2015,1,0
Sierra Leone,27/2/2015,11370,3490
Mali,27/2/2015,8,6
Nigeria,27/2/2015,20,8
United States of America,27/2/2015,4,1
Guinea,27/2/2015,3190,2113
United Kingdom,27/2/2015,1,0
Senegal,27/2/2015,1,0
Spain,27/2/2015,1,0
Liberia,27/2/2015,9265,4057
Guinea,2/3/2015,3205,2127
United Kingdom,2/3/2015,1,0
Sierra Leone,2/3/2015,11443,3530
Spain,2/3/2015,1,0
Nigeria,2/3/2015,20,8
Mali,2/3/2015,8,6
Liberia,2/3/2015,9265,4057
United States of America,2/3/2015,4,1
Senegal,2/3/2015,1,0
Liberia,4/3/2015,9265,4057
Nigeria,4/3/2015,20,8
Senegal,4/3/2015,1,0
United States of America,4/3/2015,4,1
Mali,4/3/2015,8,6
Spain,4/3/2015,1,0
Sierra Leone,4/3/2015,11443,3530
Guinea,4/3/2015,3205,2127
United Kingdom,4/3/2015,1,0
Nigeria,5/3/2015,20,8
United Kingdom,5/3/2015,1,0
Guinea,5/3/2015,3237,2141
Spain,5/3/2015,1,0
Liberia,5/3/2015,9249,4117
Senegal,5/3/2015,1,0
Mali,5/3/2015,8,6
Sierra Leone,5/3/2015,11497,3565
United States of America,5/3/2015,4,1
United States of America,6/3/2015,4,1
Mali,6/3/2015,8,6
Nigeria,6/3/2015,20,8
Liberia,6/3/2015,9249,4117
Sierra Leone,6/3/2015,11517,3576
Guinea,6/3/2015,3248,2147
Spain,6/3/2015,1,0
Senegal,6/3/2015,1,0
United Kingdom,6/3/2015,1,0
Guinea,10/3/2015,3285,2170
Mali,10/3/2015,8,6
Sierra Leone,10/3/2015,11619,3629
Spain,10/3/2015,1,0
United States of America,10/3/2015,4,1
United Kingdom,10/3/2015,1,0
Liberia,10/3/2015,9343,4162
Senegal,10/3/2015,1,0
Nigeria,10/3/2015,20,8
Guinea,11/3/2015,3285,2170
United States of America,11/3/2015,4,1
United Kingdom,11/3/2015,1,0
Mali,11/3/2015,8,6
Senegal,11/3/2015,1,0
Nigeria,11/3/2015,20,8
Liberia,11/3/2015,9343,4162
Spain,11/3/2015,1,0
Sierra Leone,11/3/2015,11619,3629
Nigeria,12/3/2015,20,8
Spain,12/3/2015,1,0
United Kingdom,12/3/2015,1,0
United States of America,12/3/2015,4,1
Sierra Leone,12/3/2015,11677,3655
Liberia,12/3/2015,9343,4162
Guinea,12/3/2015,3330,2187
Senegal,12/3/2015,1,0
Mali,12/3/2015,8,6
Spain,13/3/2015,1,0
Liberia,13/3/2015,9482,4241
Sierra Leone,13/3/2015,11696,3663
United States of America,13/3/2015,4,1
Guinea,13/3/2015,3331,2192
United Kingdom,13/3/2015,1,0
Nigeria,13/3/2015,20,8
Senegal,13/3/2015,1,0
Mali,13/3/2015,8,6
Mali,16/3/2015,8,6
Guinea,16/3/2015,3373,2216
Sierra Leone,16/3/2015,11742,3687
Senegal,16/3/2015,1,0
Nigeria,16/3/2015,20,8
Spain,16/3/2015,1,0
United States of America,16/3/2015,4,1
Liberia,16/3/2015,9482,4241
United Kingdom,16/3/2015,1,0
Guinea,17/3/2015,3389,2224
Mali,17/3/2015,8,6
Nigeria,17/3/2015,20,8
Senegal,17/3/2015,1,0
Sierra Leone,17/3/2015,11751,3691
Liberia,17/3/2015,9526,4264
Spain,17/3/2015,1,0
United Kingdom,17/3/2015,1,0
United States of America,17/3/2015,4,1
Liberia,18/3/2015,9526,4264
Sierra Leone,18/3/2015,11751,3691
Spain,18/3/2015,1,0
Guinea,18/3/2015,3389,2224
United Kingdom,18/3/2015,1,0
Nigeria,18/3/2015,20,8
Senegal,18/3/2015,1,0
Mali,18/3/2015,8,6
United States of America,18/3/2015,4,1
United Kingdom,20/3/2015,1,0
Guinea,20/3/2015,3404,2241
Sierra Leone,20/3/2015,11794,3712
United States of America,20/3/2015,4,1
Nigeria,20/3/2015,20,8
Senegal,20/3/2015,1,0
Spain,20/3/2015,1,0
Mali,20/3/2015,8,6
Liberia,20/3/2015,9555,4283
United States of America,23/3/2015,4,1
Senegal,23/3/2015,1,0
Liberia,23/3/2015,9593,4296
Mali,23/3/2015,8,6
Sierra Leone,23/3/2015,11829,3742
United Kingdom,23/3/2015,1,0
Guinea,23/3/2015,3420,2261
Spain,23/3/2015,1,0
Nigeria,23/3/2015,20,8
Senegal,24/3/2015,1,0
Sierra Leone,24/3/2015,11841,3747
Guinea,24/3/2015,3429,2263
Spain,24/3/2015,1,0
Nigeria,24/3/2015,20,8
Mali,24/3/2015,8,6
United Kingdom,24/3/2015,1,0
United States of America,24/3/2015,4,1
Liberia,24/3/2015,9602,4301
Senegal,25/3/2015,1,0
Liberia,25/3/2015,9602,4301
Spain,25/3/2015,1,0
Mali,25/3/2015,8,6
Sierra Leone,25/3/2015,11841,3747
United Kingdom,25/3/2015,1,0
Guinea,25/3/2015,3429,2263
Nigeria,25/3/2015,20,8
United States of America,25/3/2015,4,1
Spain,26/3/2015,1,0
Guinea,26/3/2015,3459,2273
Senegal,26/3/2015,1,0
Sierra Leone,26/3/2015,11866,3764
Liberia,26/3/2015,9602,4301
Mali,26/3/2015,8,6
Nigeria,26/3/2015,20,8
United Kingdom,26/3/2015,1,0
United States of America,26/3/2015,4,1
Liberia,27/3/2015,9602,4301
Spain,27/3/2015,1,0
Mali,27/3/2015,8,6
Nigeria,27/3/2015,20,8
Senegal,27/3/2015,1,0
United Kingdom,27/3/2015,1,0
United States of America,27/3/2015,4,1
Guinea,27/3/2015,3466,2276
Sierra Leone,27/3/2015,11889,3773
Spain,7/4/2015,1,0
Mali,7/4/2015,8,6
Senegal,7/4/2015,1,0
Nigeria,7/4/2015,20,8
Guinea,7/4/2015,3515,2333
United Kingdom,7/4/2015,1,0
Liberia,7/4/2015,9862,4408
United States of America,7/4/2015,4,1
Sierra Leone,7/4/2015,12139,3832
Liberia,9/4/2015,9862,4408
United Kingdom,9/4/2015,1,0
United States of America,9/4/2015,4,1
Mali,9/4/2015,8,6
Senegal,9/4/2015,1,0
Spain,9/4/2015,1,0
Nigeria,9/4/2015,20,8
Guinea,9/4/2015,3515,2335
Sierra Leone,9/4/2015,12155,3841
Sierra Leone,13/4/2015,12188,3854
Senegal,13/4/2015,1,0
Liberia,13/4/2015,9862,4408
Mali,13/4/2015,8,6
United States of America,13/4/2015,4,1
Nigeria,13/4/2015,20,8
Spain,13/4/2015,1,0
United Kingdom,13/4/2015,1,0
Guinea,13/4/2015,3541,2342
Sierra Leone,14/4/2015,12201,3857
United Kingdom,14/4/2015,1,0
United States of America,14/4/2015,4,1
Nigeria,14/4/2015,20,8
Mali,14/4/2015,8,6
Guinea,14/4/2015,3548,2346
Liberia,14/4/2015,9862,4408
Senegal,14/4/2015,1,0
Spain,14/4/2015,1,0
Mali,15/4/2015,8,6
Sierra Leone,15/4/2015,12201,3857
Liberia,15/4/2015,10042,4486
Senegal,15/4/2015,1,0
Guinea,15/4/2015,3548,2346
United States of America,15/4/2015,4,1
Spain,15/4/2015,1,0
Nigeria,15/4/2015,20,8
United Kingdom,15/4/2015,1,0
Spain,16/4/2015,1,0
United States of America,16/4/2015,4,1
Mali,16/4/2015,8,6
Sierra Leone,16/4/2015,12223,3865
Nigeria,16/4/2015,20,8
United Kingdom,16/4/2015,1,0
Senegal,16/4/2015,1,0
Liberia,16/4/2015,10042,4486
Guinea,16/4/2015,3566,2348
Guinea,17/4/2015,3569,2351
Nigeria,17/4/2015,20,8
United States of America,17/4/2015,4,1
United Kingdom,17/4/2015,1,0
Senegal,17/4/2015,1,0
Liberia,17/4/2015,10042,4486
Spain,17/4/2015,1,0
Mali,17/4/2015,8,6
Sierra Leone,17/4/2015,12244,3865
United Kingdom,20/4/2015,1,0
Mali,20/4/2015,8,6
Sierra Leone,20/4/2015,12256,3872
Senegal,20/4/2015,1,0
Guinea,20/4/2015,3565,2357
Liberia,20/4/2015,10042,4486
Nigeria,20/4/2015,20,8
Spain,20/4/2015,1,0
United States of America,20/4/2015,4,1
Spain,21/4/2015,1,0
Liberia,21/4/2015,10042,4486
Nigeria,21/4/2015,20,8
Mali,21/4/2015,8,6
Senegal,21/4/2015,1,0
United States of America,21/4/2015,4,1
Guinea,21/4/2015,3565,2358
United Kingdom,21/4/2015,1,0
Sierra Leone,21/4/2015,12265,3877
United Kingdom,22/4/2015,1,0
Spain,22/4/2015,1,0
Sierra Leone,22/4/2015,12267,3877
Mali,22/4/2015,8,6
United States of America,22/4/2015,4,1
Guinea,22/4/2015,3565,2358
Senegal,22/4/2015,1,0
Liberia,22/4/2015,10212,4573
Nigeria,22/4/2015,20,8
Mali,23/4/2015,8,6
United Kingdom,23/4/2015,1,0
Liberia,23/4/2015,10212,4573
Guinea,23/4/2015,3568,2362
Nigeria,23/4/2015,20,8
Spain,23/4/2015,1,0
Sierra Leone,23/4/2015,12294,3885
United States of America,23/4/2015,4,1
Senegal,23/4/2015,1,0
Spain,24/4/2015,1,0
United Kingdom,24/4/2015,1,0
Mali,24/4/2015,8,6
Nigeria,24/4/2015,20,8
United States of America,24/4/2015,4,1
Liberia,24/4/2015,10212,4573
Guinea,24/4/2015,3576,2365
Sierra Leone,24/4/2015,12313,3886
Senegal,24/4/2015,1,0
United Kingdom,27/4/2015,1,0
Spain,27/4/2015,1,0
Mali,27/4/2015,8,6
Liberia,27/4/2015,10212,4573
Nigeria,27/4/2015,20,8
United States of America,27/4/2015,4,1
Sierra Leone,27/4/2015,12362,3895
Guinea,27/4/2015,3585,2374
Senegal,27/4/2015,1,0
Sierra Leone,28/4/2015,12371,3899
Nigeria,28/4/2015,20,8
Guinea,28/4/2015,3584,2377
Senegal,28/4/2015,1,0
United Kingdom,28/4/2015,1,0
Spain,28/4/2015,1,0
United States of America,28/4/2015,4,1
Liberia,28/4/2015,10322,4608
Mali,28/4/2015,8,6
Senegal,30/4/2015,1,0
Guinea,30/4/2015,3581,2381
United States of America,30/4/2015,4,1
Spain,30/4/2015,1,0
United Kingdom,30/4/2015,1,0
Nigeria,30/4/2015,20,8
Mali,30/4/2015,8,6
Sierra Leone,30/4/2015,12387,3901
Liberia,30/4/2015,10322,4608
Sierra Leone,1/5/2015,12398,3901
Mali,1/5/2015,8,6
Nigeria,1/5/2015,20,8
United States of America,1/5/2015,4,1
Guinea,1/5/2015,3578,2383
Senegal,1/5/2015,1,0
Liberia,1/5/2015,10322,4608
United Kingdom,1/5/2015,1,0
Spain,1/5/2015,1,0
United Kingdom,4/5/2015,1,0
Sierra Leone,4/5/2015,12426,3902
Liberia,4/5/2015,10322,4608
Mali,4/5/2015,8,6
Nigeria,4/5/2015,20,8
United States of America,4/5/2015,4,1
Spain,4/5/2015,1,0
Senegal,4/5/2015,1,0
Guinea,4/5/2015,3591,2385
Mali,5/5/2015,8,6
Spain,5/5/2015,1,0
Liberia,5/5/2015,10507,4691
United States of America,5/5/2015,4,1
Nigeria,5/5/2015,20,8
Sierra Leone,5/5/2015,12440,3903
United Kingdom,5/5/2015,1,0
Senegal,5/5/2015,1,0
Guinea,5/5/2015,3589,2386
Guinea,6/5/2015,3589,2386
Liberia,6/5/2015,10564,4716
United Kingdom,6/5/2015,1,0
Nigeria,6/5/2015,20,8
Mali,6/5/2015,8,6
United States of America,6/5/2015,4,1
Sierra Leone,6/5/2015,12440,3903
Senegal,6/5/2015,1,0
Spain,6/5/2015,1,0
Liberia,7/5/2015,10564,4716
Spain,7/5/2015,1,0
Mali,7/5/2015,8,6
Sierra Leone,7/5/2015,12470,3904
United States of America,7/5/2015,4,1
United Kingdom,7/5/2015,1,0
Senegal,7/5/2015,1,0
Guinea,7/5/2015,3592,2387
Nigeria,7/5/2015,20,8
Senegal,8/5/2015,1,0
Spain,8/5/2015,1,0
Sierra Leone,8/5/2015,12492,3904
United States of America,8/5/2015,4,1
Nigeria,8/5/2015,20,8
Liberia,8/5/2015,10564,4716
United Kingdom,8/5/2015,1,0
Mali,8/5/2015,8,6
Guinea,8/5/2015,3592,2387
United Kingdom,11/5/2015,1,0
Guinea,11/5/2015,3599,2391
Senegal,11/5/2015,1,0
United States of America,11/5/2015,4,1
Spain,11/5/2015,1,0
Mali,11/5/2015,8,6
Liberia,11/5/2015,10604,4769
Nigeria,11/5/2015,20,8
Sierra Leone,11/5/2015,12519,3904
Senegal,12/5/2015,1,0
Mali,12/5/2015,8,6
Liberia,12/5/2015,10604,4769
United States of America,12/5/2015,4,1
United Kingdom,12/5/2015,1,0
Sierra Leone,12/5/2015,12523,3904
Nigeria,12/5/2015,20,8
Guinea,12/5/2015,3597,2392
Spain,12/5/2015,1,0
Sierra Leone,13/5/2015,12519,3904
United Kingdom,13/5/2015,1,0
Senegal,13/5/2015,1,0
Nigeria,13/5/2015,20,8
Spain,13/5/2015,1,0
Liberia,13/5/2015,10604,4769
Mali,13/5/2015,8,6
Guinea,13/5/2015,3599,2391
United States of America,13/5/2015,4,1
Nigeria,14/5/2015,20,8
Spain,14/5/2015,1,0
Liberia,14/5/2015,10604,4769
United States of America,14/5/2015,4,1
Mali,14/5/2015,8,6
Guinea,14/5/2015,3615,2399
Senegal,14/5/2015,1,0
United Kingdom,14/5/2015,1,0
Sierra Leone,14/5/2015,12536,3904
Italy,14/5/2015,1,0
Mali,15/5/2015,8,6
Guinea,15/5/2015,3619,2401
Sierra Leone,15/5/2015,12540,3904
Nigeria,15/5/2015,20,8
United Kingdom,15/5/2015,1,0
Italy,15/5/2015,1,0
Spain,15/5/2015,1,0
United States of America,15/5/2015,4,1
Senegal,15/5/2015,1,0
Liberia,15/5/2015,10604,4769
Nigeria,18/5/2015,20,8
Spain,18/5/2015,1,0
Sierra Leone,18/5/2015,12593,3906
United Kingdom,18/5/2015,1,0
Liberia,18/5/2015,10666,4806
Senegal,18/5/2015,1,0
Italy,18/5/2015,1,0
Mali,18/5/2015,8,6
United States of America,18/5/2015,4,1
Guinea,18/5/2015,3626,2405
Mali,19/5/2015,8,6
Italy,19/5/2015,1,0
Guinea,19/5/2015,3635,2407
Sierra Leone,19/5/2015,12632,3907
Spain,19/5/2015,1,0
Nigeria,19/5/2015,20,8
United Kingdom,19/5/2015,1,0
United States of America,19/5/2015,4,1
Liberia,19/5/2015,10666,4806
Senegal,19/5/2015,1,0
Spain,20/5/2015,1,0
United Kingdom,20/5/2015,1,0
Sierra Leone,20/5/2015,12632,3907
Senegal,20/5/2015,1,0
Nigeria,20/5/2015,20,8
Italy,20/5/2015,1,0
Guinea,20/5/2015,3635,2407
Mali,20/5/2015,8,6
Liberia,20/5/2015,10666,4806
United States of America,20/5/2015,4,1
Liberia,21/5/2015,10666,4806
Italy,21/5/2015,1,0
Spain,21/5/2015,1,0
Sierra Leone,21/5/2015,12656,3907
Nigeria,21/5/2015,20,8
Senegal,21/5/2015,1,0
Mali,21/5/2015,8,6
United Kingdom,21/5/2015,1,0
Guinea,21/5/2015,3649,2409
United States of America,21/5/2015,4,1
Spain,22/5/2015,1,0
Mali,22/5/2015,8,6
Liberia,22/5/2015,10666,4806
Italy,22/5/2015,1,0
United States of America,22/5/2015,4,1
Sierra Leone,22/5/2015,12666,3907
Guinea,22/5/2015,3647,2412
Nigeria,22/5/2015,20,8
United Kingdom,22/5/2015,1,0
Senegal,22/5/2015,1,0
Nigeria,25/5/2015,20,8
Italy,25/5/2015,1,0
United Kingdom,25/5/2015,1,0
United States of America,25/5/2015,4,1
Mali,25/5/2015,8,6
Spain,25/5/2015,1,0
Senegal,25/5/2015,1,0
Liberia,25/5/2015,10666,4806
Guinea,25/5/2015,3640,2418
Sierra Leone,25/5/2015,12696,3908
Nigeria,26/5/2015,20,8
Senegal,26/5/2015,1,0
Guinea,26/5/2015,3641,2420
Mali,26/5/2015,8,6
Italy,26/5/2015,1,0
Spain,26/5/2015,1,0
Sierra Leone,26/5/2015,12706,3908
United Kingdom,26/5/2015,1,0
Liberia,26/5/2015,10666,4806
United States of America,26/5/2015,4,1
Mali,27/5/2015,8,6
Italy,27/5/2015,1,0
Guinea,27/5/2015,3641,2420
Nigeria,27/5/2015,20,8
Sierra Leone,27/5/2015,12706,3908
United States of America,27/5/2015,4,1
Liberia,27/5/2015,10666,4806
Spain,27/5/2015,1,0
United Kingdom,27/5/2015,1,0
Senegal,27/5/2015,1,0
Italy,28/5/2015,1,0
Mali,28/5/2015,8,6
United States of America,28/5/2015,4,1
Liberia,28/5/2015,10666,4806
Spain,28/5/2015,1,0
Senegal,28/5/2015,1,0
Nigeria,28/5/2015,20,8
Guinea,28/5/2015,3639,2423
United Kingdom,28/5/2015,1,0
Sierra Leone,28/5/2015,12735,3911
Guinea,29/5/2015,3644,2425
United Kingdom,29/5/2015,1,0
Liberia,29/5/2015,10666,4806
United States of America,29/5/2015,4,1
Italy,29/5/2015,1,0
Sierra Leone,29/5/2015,12745,3911
Nigeria,29/5/2015,20,8
Spain,29/5/2015,1,0
Senegal,29/5/2015,1,0
Mali,29/5/2015,8,6
United Kingdom,1/6/2015,1,0
United States of America,1/6/2015,4,1
Sierra Leone,1/6/2015,12816,3911
Nigeria,1/6/2015,20,8
Spain,1/6/2015,1,0
Senegal,1/6/2015,1,0
Italy,1/6/2015,1,0
Guinea,1/6/2015,3653,2428
Liberia,1/6/2015,10666,4806
Mali,1/6/2015,8,6
Sierra Leone,2/6/2015,12827,3912
Nigeria,2/6/2015,20,8
Senegal,2/6/2015,1,0
Guinea,2/6/2015,3652,2429
Mali,2/6/2015,8,6
United States of America,2/6/2015,4,1
Liberia,2/6/2015,10666,4806
Spain,2/6/2015,1,0
Italy,2/6/2015,1,0
United Kingdom,2/6/2015,1,0
United States of America,3/6/2015,4,1
United Kingdom,3/6/2015,1,0
Senegal,3/6/2015,1,0
Nigeria,3/6/2015,20,8
Sierra Leone,3/6/2015,12827,3912
Italy,3/6/2015,1,0
Guinea,3/6/2015,3652,2429
Spain,3/6/2015,1,0
Mali,3/6/2015,8,6
Liberia,3/6/2015,10666,4806
Guinea,4/6/2015,3657,2431
Sierra Leone,4/6/2015,12850,3912
United States of America,4/6/2015,4,1
Spain,4/6/2015,1,0
Mali,4/6/2015,8,6
Senegal,4/6/2015,1,0
Liberia,4/6/2015,10666,4806
Nigeria,4/6/2015,20,8
United Kingdom,4/6/2015,1,0
Italy,4/6/2015,1,0
United Kingdom,5/6/2015,1,0
Guinea,5/6/2015,3664,2431
Italy,5/6/2015,1,0
United States of America,5/6/2015,4,1
Spain,5/6/2015,1,0
Senegal,5/6/2015,1,0
Liberia,5/6/2015,10666,4806
Nigeria,5/6/2015,20,8
Mali,5/6/2015,8,6
Sierra Leone,5/6/2015,12859,3912
Senegal,8/6/2015,1,0
Nigeria,8/6/2015,20,8
Sierra Leone,8/6/2015,12884,3913
United States of America,8/6/2015,4,1
Spain,8/6/2015,1,0
Guinea,8/6/2015,3669,2435
Liberia,8/6/2015,10666,4806
Italy,8/6/2015,1,0
Mali,8/6/2015,8,6
United Kingdom,8/6/2015,1,0
Sierra Leone,9/6/2015,12901,3915
Spain,9/6/2015,1,0
Liberia,9/6/2015,10666,4806
United States of America,9/6/2015,4,1
United Kingdom,9/6/2015,1,0
Guinea,9/6/2015,3670,2437
Mali,9/6/2015,8,6
Nigeria,9/6/2015,20,8
Senegal,9/6/2015,1,0
Italy,9/6/2015,1,0
Mali,10/6/2015,8,6
United Kingdom,10/6/2015,1,0
Senegal,10/6/2015,1,0
Italy,10/6/2015,1,0
Spain,10/6/2015,1,0
United States of America,10/6/2015,4,1
Liberia,10/6/2015,10666,4806
Guinea,10/6/2015,3670,2437
Nigeria,10/6/2015,20,8
Sierra Leone,10/6/2015,12901,3915
Italy,11/6/2015,1,0
United States of America,11/6/2015,4,1
Guinea,11/6/2015,3674,2440
Spain,11/6/2015,1,0
Mali,11/6/2015,8,6
Nigeria,11/6/2015,20,8
Senegal,11/6/2015,1,0
Liberia,11/6/2015,10666,4806
United Kingdom,11/6/2015,1,0
Sierra Leone,11/6/2015,12911,3917
Liberia,12/6/2015,10666,4806
Guinea,12/6/2015,3677,2440
Nigeria,12/6/2015,20,8
Mali,12/6/2015,8,6
Spain,12/6/2015,1,0
United States of America,12/6/2015,4,1
Sierra Leone,12/6/2015,12932,3917
United Kingdom,12/6/2015,1,0
Italy,12/6/2015,1,0
Senegal,12/6/2015,1,0
Spain,15/6/2015,1,0
United States of America,15/6/2015,4,1
Mali,15/6/2015,8,6
Guinea,15/6/2015,3677,2443
Liberia,15/6/2015,10666,4806
Italy,15/6/2015,1,0
Sierra Leone,15/6/2015,12962,3919
Nigeria,15/6/2015,20,8
United Kingdom,15/6/2015,1,0
Senegal,15/6/2015,1,0
Guinea,16/6/2015,3678,2444
Liberia,16/6/2015,10666,4806
Mali,16/6/2015,8,6
United Kingdom,16/6/2015,1,0
Sierra Leone,16/6/2015,12965,3919
United States of America,16/6/2015,4,1
Senegal,16/6/2015,1,0
Italy,16/6/2015,1,0
Nigeria,16/6/2015,20,8
Spain,16/6/2015,1,0
United States of America,17/6/2015,4,1
Sierra Leone,17/6/2015,12965,3919
Nigeria,17/6/2015,20,8
United Kingdom,17/6/2015,1,0
Italy,17/6/2015,1,0
Senegal,17/6/2015,1,0
Spain,17/6/2015,1,0
Mali,17/6/2015,8,6
Guinea,17/6/2015,3674,2444
Liberia,17/6/2015,10666,4806
Sierra Leone,18/6/2015,12990,3922
Liberia,18/6/2015,10666,4806
United States of America,18/6/2015,4,1
Italy,18/6/2015,1,0
Senegal,18/6/2015,1,0
United Kingdom,18/6/2015,1,0
Spain,18/6/2015,1,0
Nigeria,18/6/2015,20,8
Guinea,18/6/2015,3675,2445
Mali,18/6/2015,8,6
Mali,19/6/2015,8,6
Sierra Leone,19/6/2015,13012,3926
Nigeria,19/6/2015,20,8
Spain,19/6/2015,1,0
United States of America,19/6/2015,4,1
Senegal,19/6/2015,1,0
United Kingdom,19/6/2015,1,0
Italy,19/6/2015,1,0
Liberia,19/6/2015,10666,4806
Guinea,19/6/2015,3674,2446
Liberia,22/6/2015,10666,4806
Spain,22/6/2015,1,0
United Kingdom,22/6/2015,1,0
Italy,22/6/2015,1,0
Guinea,22/6/2015,3698,2456
Sierra Leone,22/6/2015,13051,3928
Mali,22/6/2015,8,6
United States of America,22/6/2015,4,1
Nigeria,22/6/2015,20,8
Senegal,22/6/2015,1,0
Italy,23/6/2015,1,0
Sierra Leone,23/6/2015,13059,3928
Liberia,23/6/2015,10666,4806
United Kingdom,23/6/2015,1,0
Nigeria,23/6/2015,20,8
Senegal,23/6/2015,1,0
United States of America,23/6/2015,4,1
Spain,23/6/2015,1,0
Mali,23/6/2015,8,6
Guinea,23/6/2015,3718,2473
United States of America,24/6/2015,4,1
Sierra Leone,24/6/2015,13059,3928
Senegal,24/6/2015,1,0
United Kingdom,24/6/2015,1,0
Guinea,24/6/2015,3718,2473
Liberia,24/6/2015,10666,4806
Mali,24/6/2015,8,6
Italy,24/6/2015,1,0
Nigeria,24/6/2015,20,8
Spain,24/6/2015,1,0
Nigeria,25/6/2015,20,8
Sierra Leone,25/6/2015,13083,3931
Senegal,25/6/2015,1,0
Mali,25/6/2015,8,6
Spain,25/6/2015,1,0
United Kingdom,25/6/2015,1,0
Liberia,25/6/2015,10666,4806
United States of America,25/6/2015,4,1
Guinea,25/6/2015,3718,2480
Italy,25/6/2015,1,0
Guinea,26/6/2015,3720,2480
Spain,26/6/2015,1,0
Senegal,26/6/2015,1,0
Italy,26/6/2015,1,0
Sierra Leone,26/6/2015,13093,3931
Liberia,26/6/2015,10666,4806
United Kingdom,26/6/2015,1,0
Mali,26/6/2015,8,6
Nigeria,26/6/2015,20,8
United States of America,26/6/2015,4,1
Senegal,29/6/2015,1,0
United Kingdom,29/6/2015,1,0
Nigeria,29/6/2015,20,8
Guinea,29/6/2015,3724,2482
Sierra Leone,29/6/2015,13115,3932
Mali,29/6/2015,8,6
Spain,29/6/2015,1,0
Liberia,29/6/2015,10666,4806
United States of America,29/6/2015,4,1
Italy,29/6/2015,1,0
United Kingdom,30/6/2015,1,0
Mali,30/6/2015,8,6
Liberia,30/6/2015,10666,4806
Sierra Leone,30/6/2015,13119,3932
Italy,30/6/2015,1,0
Senegal,30/6/2015,1,0
Guinea,30/6/2015,3729,2482
Spain,30/6/2015,1,0
Nigeria,30/6/2015,20,8
United States of America,30/6/2015,4,1
Sierra Leone,1/7/2015,13119,3932
Senegal,1/7/2015,1,0
Spain,1/7/2015,1,0
United Kingdom,1/7/2015,1,0
Guinea,1/7/2015,3729,2482
Italy,1/7/2015,1,0
Liberia,1/7/2015,10666,4806
United States of America,1/7/2015,4,1
Nigeria,1/7/2015,20,8
Mali,1/7/2015,8,6
Senegal,2/7/2015,1,0
Italy,2/7/2015,1,0
Liberia,2/7/2015,10666,4806
Guinea,2/7/2015,3745,2490
United States of America,2/7/2015,4,1
Spain,2/7/2015,1,0
Nigeria,2/7/2015,20,8
Mali,2/7/2015,8,6
Sierra Leone,2/7/2015,13129,3933
United Kingdom,2/7/2015,1,0
Liberia,3/7/2015,10666,4806
United Kingdom,3/7/2015,1,0
Nigeria,3/7/2015,20,8
Senegal,3/7/2015,1,0
United States of America,3/7/2015,4,1
Guinea,3/7/2015,3750,2492
Italy,3/7/2015,1,0
Liberia,3/7/2015,40,5
Spain,3/7/2015,1,0
Mali,3/7/2015,8,6
Sierra Leone,3/7/2015,13135,3935
United Kingdom,6/7/2015,1,0
Spain,6/7/2015,1,0
Guinea,6/7/2015,3744,2498
United States of America,6/7/2015,4,1
Liberia,6/7/2015,4,1
Nigeria,6/7/2015,20,8
Mali,6/7/2015,8,6
Sierra Leone,6/7/2015,13150,3940
Senegal,6/7/2015,1,0
Liberia,6/7/2015,10666,4806
Italy,6/7/2015,1,0
Italy,7/7/2015,1,0
Spain,7/7/2015,1,0
Liberia,7/7/2015,4,1
Nigeria,7/7/2015,20,8
United States of America,7/7/2015,4,1
Sierra Leone,7/7/2015,13155,3940
Senegal,7/7/2015,1,0
Liberia,7/7/2015,10666,4806
Guinea,7/7/2015,3748,2499
Mali,7/7/2015,8,6
United Kingdom,7/7/2015,1,0
Nigeria,8/7/2015,20,8
Liberia,8/7/2015,4,1
United States of America,8/7/2015,4,1
Spain,8/7/2015,1,0
Sierra Leone,8/7/2015,13155,3940
Mali,8/7/2015,8,6
United Kingdom,8/7/2015,1,0
Guinea,8/7/2015,3748,2499
Italy,8/7/2015,1,0
Senegal,8/7/2015,1,0
Liberia,8/7/2015,10666,4806
Liberia,9/7/2015,10666,4806
Senegal,9/7/2015,1,0
Nigeria,9/7/2015,20,8
Liberia,9/7/2015,6,1
United Kingdom,9/7/2015,1,0
United States of America,9/7/2015,4,1
Italy,9/7/2015,1,0
Sierra Leone,9/7/2015,13169,3941
Guinea,9/7/2015,3744,2505
Mali,9/7/2015,8,6
Spain,9/7/2015,1,0
Senegal,10/7/2015,1,0
Mali,10/7/2015,8,6
Sierra Leone,10/7/2015,13177,3941
Nigeria,10/7/2015,20,8
Italy,10/7/2015,1,0
Guinea,10/7/2015,3751,2505
Liberia,10/7/2015,6,1
Spain,10/7/2015,1,0
United States of America,10/7/2015,4,1
United Kingdom,10/7/2015,1,0
Liberia,10/7/2015,10666,4806
Nigeria,13/7/2015,20,8
Liberia,13/7/2015,10666,4806
Spain,13/7/2015,1,0
Liberia,13/7/2015,6,1
Senegal,13/7/2015,1,0
Mali,13/7/2015,8,6
United Kingdom,13/7/2015,1,0
United States of America,13/7/2015,4,1
Guinea,13/7/2015,3754,2506
Italy,13/7/2015,1,0
Sierra Leone,13/7/2015,13201,3946
Senegal,14/7/2015,1,0
United Kingdom,14/7/2015,1,0
Liberia,14/7/2015,7,2
Guinea,14/7/2015,3760,2506
Spain,14/7/2015,1,0
Liberia,14/7/2015,10666,4806
Mali,14/7/2015,8,6
Italy,14/7/2015,1,0
United States of America,14/7/2015,4,1
Sierra Leone,14/7/2015,13209,3947
Nigeria,14/7/2015,20,8
Spain,15/7/2015,1,0
Nigeria,15/7/2015,20,8
Italy,15/7/2015,1,0
United Kingdom,15/7/2015,1,0
United States of America,15/7/2015,4,1
Guinea,15/7/2015,3760,2506
Liberia,15/7/2015,10666,4806
Liberia,15/7/2015,7,2
Mali,15/7/2015,8,6
Sierra Leone,15/7/2015,13209,3947
Senegal,15/7/2015,1,0
Mali,16/7/2015,8,6
Italy,16/7/2015,1,0
Guinea,16/7/2015,3762,2506
Liberia,16/7/2015,10666,4806
Spain,16/7/2015,1,0
United Kingdom,16/7/2015,1,0
Senegal,16/7/2015,1,0
United States of America,16/7/2015,4,1
Liberia,16/7/2015,6,2
Sierra Leone,16/7/2015,13209,3947
Nigeria,16/7/2015,20,8
United States of America,17/7/2015,4,1
Liberia,17/7/2015,10666,4806
United Kingdom,17/7/2015,1,0
Guinea,17/7/2015,3770,2509
Italy,17/7/2015,1,0
Nigeria,17/7/2015,20,8
Liberia,17/7/2015,7,2
Mali,17/7/2015,8,6
Spain,17/7/2015,1,0
Senegal,17/7/2015,1,0
Sierra Leone,17/7/2015,13209,3947
Nigeria,20/7/2015,20,8
Liberia,20/7/2015,10666,4806
Senegal,20/7/2015,1,0
Guinea,20/7/2015,3784,2511
United Kingdom,20/7/2015,1,0
United States of America,20/7/2015,4,1
Liberia,20/7/2015,7,2
Italy,20/7/2015,1,0
Sierra Leone,20/7/2015,13241,3949
Mali,20/7/2015,8,6
Spain,20/7/2015,1,0
Liberia,21/7/2015,7,2
Guinea,21/7/2015,3783,2512
United States of America,21/7/2015,4,1
Sierra Leone,21/7/2015,13250,3949
United Kingdom,21/7/2015,1,0
Spain,21/7/2015,1,0
Liberia,21/7/2015,10666,4806
Senegal,21/7/2015,1,0
Mali,21/7/2015,8,6
Nigeria,21/7/2015,20,8
Italy,21/7/2015,1,0
Sierra Leone,22/7/2015,13250,3949
Spain,22/7/2015,1,0
Guinea,22/7/2015,3783,2512
Nigeria,22/7/2015,20,8
Italy,22/7/2015,1,0
Liberia,22/7/2015,6,2
Senegal,22/7/2015,1,0
United States of America,22/7/2015,4,1
Liberia,22/7/2015,10666,4806
Mali,22/7/2015,8,6
United Kingdom,22/7/2015,1,0
United States of America,23/7/2015,4,1
Spain,23/7/2015,1,0
Sierra Leone,23/7/2015,13262,3949
Guinea,23/7/2015,3788,2516
Liberia,23/7/2015,10666,4806
United Kingdom,23/7/2015,1,0
Nigeria,23/7/2015,20,8
Mali,23/7/2015,8,6
Senegal,23/7/2015,1,0
Liberia,23/7/2015,7,2
Italy,23/7/2015,1,0
United States of America,24/7/2015,4,1
Liberia,24/7/2015,7,2
Mali,24/7/2015,8,6
Liberia,24/7/2015,10666,4806
Sierra Leone,24/7/2015,13264,3949
Italy,24/7/2015,1,0
Senegal,24/7/2015,1,0
Guinea,24/7/2015,3787,2517
Nigeria,24/7/2015,20,8
Spain,24/7/2015,1,0
United Kingdom,24/7/2015,1,0
Spain,27/7/2015,1,0
Mali,27/7/2015,8,6
Senegal,27/7/2015,1,0
Nigeria,27/7/2015,20,8
Liberia,27/7/2015,10666,4806
United States of America,27/7/2015,4,1
Guinea,27/7/2015,3792,2519
United Kingdom,27/7/2015,1,0
Italy,27/7/2015,1,0
Liberia,27/7/2015,7,2
Sierra Leone,27/7/2015,13283,3951
United States of America,28/7/2015,4,1
Spain,28/7/2015,1,0
Mali,28/7/2015,8,6
United Kingdom,28/7/2015,1,0
Sierra Leone,28/7/2015,13290,3951
Guinea,28/7/2015,3786,2520
Nigeria,28/7/2015,20,8
Senegal,28/7/2015,1,0
Italy,28/7/2015,1,0
Liberia,28/7/2015,10666,4806
Liberia,28/7/2015,7,2
Nigeria,29/7/2015,20,8
Sierra Leone,29/7/2015,13290,3951
Liberia,29/7/2015,10666,4806
United States of America,29/7/2015,4,1
Senegal,29/7/2015,1,0
Liberia,29/7/2015,6,2
Spain,29/7/2015,1,0
Mali,29/7/2015,8,6
United Kingdom,29/7/2015,1,0
Italy,29/7/2015,1,0
Guinea,29/7/2015,3786,2520
Guinea,30/7/2015,3785,2521
Senegal,30/7/2015,1,0
Spain,30/7/2015,1,0
Mali,30/7/2015,8,6
Sierra Leone,30/7/2015,13379,3951
Nigeria,30/7/2015,20,8
Italy,30/7/2015,1,0
United States of America,30/7/2015,4,1
Liberia,30/7/2015,6,2
United Kingdom,30/7/2015,1,0
Liberia,30/7/2015,10666,4806
Nigeria,31/7/2015,20,8
Senegal,31/7/2015,1,0
United States of America,31/7/2015,4,1
Liberia,31/7/2015,6,2
Sierra Leone,31/7/2015,13387,3951
United Kingdom,31/7/2015,1,0
Guinea,31/7/2015,3781,2521
Spain,31/7/2015,1,0
Italy,31/7/2015,1,0
Liberia,31/7/2015,10666,4806
Mali,31/7/2015,8,6
United Kingdom,3/8/2015,1,0
Liberia,3/8/2015,6,2
Sierra Leone,3/8/2015,13402,3951
Italy,3/8/2015,1,0
United States of America,3/8/2015,4,1
Nigeria,3/8/2015,20,8
Liberia,3/8/2015,10666,4806
Guinea,3/8/2015,3786,2522
Spain,3/8/2015,1,0
Senegal,3/8/2015,1,0
Mali,3/8/2015,8,6
Spain,4/8/2015,1,0
Sierra Leone,4/8/2015,13406,3951
Liberia,4/8/2015,10666,4806
United Kingdom,4/8/2015,1,0
Italy,4/8/2015,1,0
United States of America,4/8/2015,4,1
Senegal,4/8/2015,1,0
Mali,4/8/2015,8,6
Nigeria,4/8/2015,20,8
Guinea,4/8/2015,3784,2522
Liberia,4/8/2015,6,2
Guinea,5/8/2015,3784,2522
Spain,5/8/2015,1,0
Mali,5/8/2015,8,6
Sierra Leone,5/8/2015,13406,3951
Liberia,5/8/2015,10666,4806
Italy,5/8/2015,1,0
Senegal,5/8/2015,1,0
Liberia,5/8/2015,6,2
United States of America,5/8/2015,4,1
United Kingdom,5/8/2015,1,0
Nigeria,5/8/2015,20,8
Spain,6/8/2015,1,0
Guinea,6/8/2015,3792,2524
Senegal,6/8/2015,1,0
Mali,6/8/2015,8,6
Nigeria,6/8/2015,20,8
United Kingdom,6/8/2015,1,0
Sierra Leone,6/8/2015,13426,3951
Liberia,6/8/2015,10666,4806
Liberia,6/8/2015,6,2
United States of America,6/8/2015,4,1
Italy,6/8/2015,1,0
Liberia,7/8/2015,6,2
Spain,7/8/2015,1,0
Sierra Leone,7/8/2015,13428,3951
United States of America,7/8/2015,4,1
Liberia,7/8/2015,10666,4806
Guinea,7/8/2015,3795,2524
Senegal,7/8/2015,1,0
United Kingdom,7/8/2015,1,0
Nigeria,7/8/2015,20,8
Italy,7/8/2015,1,0
Mali,7/8/2015,8,6
Liberia,10/8/2015,6,2
United Kingdom,10/8/2015,1,0
Sierra Leone,10/8/2015,13465,3951
Senegal,10/8/2015,1,0
Liberia,10/8/2015,10666,4806
Spain,10/8/2015,1,0
Guinea,10/8/2015,3791,2524
Mali,10/8/2015,8,6
United States of America,10/8/2015,4,1
Italy,10/8/2015,1,0
Nigeria,10/8/2015,20,8
Spain,11/8/2015,1,0
Guinea,11/8/2015,3787,2524
Italy,11/8/2015,1,0
Liberia,11/8/2015,6,2
United States of America,11/8/2015,4,1
Sierra Leone,11/8/2015,13470,3951
Senegal,11/8/2015,1,0
Nigeria,11/8/2015,20,8
United Kingdom,11/8/2015,1,0
Mali,11/8/2015,8,6
Liberia,11/8/2015,10666,4806
Liberia,12/8/2015,6,2
Spain,12/8/2015,1,0
United Kingdom,12/8/2015,1,0
Nigeria,12/8/2015,20,8
United States of America,12/8/2015,4,1
Italy,12/8/2015,1,0
Mali,12/8/2015,8,6
Liberia,12/8/2015,10666,4806
Senegal,12/8/2015,1,0
Guinea,12/8/2015,3787,2524
Sierra Leone,12/8/2015,13470,3951
Senegal,13/8/2015,1,0
Guinea,13/8/2015,3792,2524
Sierra Leone,13/8/2015,13484,3951
Italy,13/8/2015,1,0
Spain,13/8/2015,1,0
United Kingdom,13/8/2015,1,0
Mali,13/8/2015,8,6
United States of America,13/8/2015,4,1
Nigeria,13/8/2015,20,8
Liberia,13/8/2015,6,2
Liberia,13/8/2015,10666,4806
Senegal,14/8/2015,1,0
Mali,14/8/2015,8,6
Spain,14/8/2015,1,0
Nigeria,14/8/2015,20,8
United States of America,14/8/2015,4,1
Italy,14/8/2015,1,0
Guinea,14/8/2015,3791,2524
Sierra Leone,14/8/2015,13485,3952
Liberia,14/8/2015,6,2
Liberia,14/8/2015,10666,4806
United Kingdom,14/8/2015,1,0
Guinea,17/8/2015,3790,2524
Senegal,17/8/2015,1,0
Liberia,17/8/2015,6,2
Spain,17/8/2015,1,0
Sierra Leone,17/8/2015,13489,3952
Italy,17/8/2015,1,0
United States of America,17/8/2015,4,1
Nigeria,17/8/2015,20,8
Liberia,17/8/2015,10666,4806
Mali,17/8/2015,8,6
United Kingdom,17/8/2015,1,0
United Kingdom,18/8/2015,1,0
Spain,18/8/2015,1,0
Sierra Leone,18/8/2015,13494,3952
Italy,18/8/2015,1,0
Liberia,18/8/2015,10666,4806
Guinea,18/8/2015,3786,2524
United States of America,18/8/2015,4,1
Senegal,18/8/2015,1,0
Nigeria,18/8/2015,20,8
Liberia,18/8/2015,6,2
Mali,18/8/2015,8,6
Liberia,19/8/2015,6,2
Italy,19/8/2015,1,0
Senegal,19/8/2015,1,0
Nigeria,19/8/2015,20,8
Spain,19/8/2015,1,0
Guinea,19/8/2015,3786,2524
United Kingdom,19/8/2015,1,0
Mali,19/8/2015,8,6
Sierra Leone,19/8/2015,13494,3952
Liberia,19/8/2015,10666,4806
United States of America,19/8/2015,4,1
Senegal,20/8/2015,1,0
Guinea,20/8/2015,3792,2526
Liberia,20/8/2015,10666,4806
Spain,20/8/2015,1,0
Mali,20/8/2015,8,6
Nigeria,20/8/2015,20,8
United Kingdom,20/8/2015,1,0
Italy,20/8/2015,1,0
Sierra Leone,20/8/2015,13518,3952
United States of America,20/8/2015,4,1
Liberia,20/8/2015,6,2
Senegal,21/8/2015,1,0
Italy,21/8/2015,1,0
Liberia,21/8/2015,6,2
Spain,21/8/2015,1,0
United States of America,21/8/2015,4,1
Guinea,21/8/2015,3795,2526
Liberia,21/8/2015,10666,4806
Nigeria,21/8/2015,20,8
Mali,21/8/2015,8,6
Sierra Leone,21/8/2015,13533,3952
United Kingdom,21/8/2015,1,0
Liberia,24/8/2015,6,2
Senegal,24/8/2015,1,0
Guinea,24/8/2015,3790,2527
United Kingdom,24/8/2015,1,0
Mali,24/8/2015,8,6
Spain,24/8/2015,1,0
Nigeria,24/8/2015,20,8
Italy,24/8/2015,1,0
United States of America,24/8/2015,4,1
Liberia,24/8/2015,10666,4806
Sierra Leone,24/8/2015,13538,3952
Italy,25/8/2015,1,0
Senegal,25/8/2015,1,0
United States of America,25/8/2015,4,1
Liberia,25/8/2015,10666,4806
Liberia,25/8/2015,6,2
Spain,25/8/2015,1,0
Sierra Leone,25/8/2015,13541,3952
Mali,25/8/2015,8,6
Nigeria,25/8/2015,20,8
Guinea,25/8/2015,3792,2527
United Kingdom,25/8/2015,1,0
Liberia,26/8/2015,6,2
Mali,26/8/2015,8,6
United States of America,26/8/2015,4,1
Italy,26/8/2015,1,0
Nigeria,26/8/2015,20,8
Sierra Leone,26/8/2015,13541,3952
Spain,26/8/2015,1,0
Guinea,26/8/2015,3792,2527
United Kingdom,26/8/2015,1,0
Senegal,26/8/2015,1,0
Liberia,26/8/2015,10666,4806
Liberia,27/8/2015,6,2
Mali,27/8/2015,8,6
Nigeria,27/8/2015,20,8
Guinea,27/8/2015,3797,2528
Italy,27/8/2015,1,0
Spain,27/8/2015,1,0
Sierra Leone,27/8/2015,13582,3952
Liberia,27/8/2015,10666,4806
United Kingdom,27/8/2015,1,0
Senegal,27/8/2015,1,0
United States of America,27/8/2015,4,1
Liberia,28/8/2015,10666,4806
Mali,28/8/2015,8,6
United States of America,28/8/2015,4,1
Spain,28/8/2015,1,0
Senegal,28/8/2015,1,0
Liberia,28/8/2015,6,2
Nigeria,28/8/2015,20,8
Italy,28/8/2015,1,0
Guinea,28/8/2015,3797,2528
United Kingdom,28/8/2015,1,0
Sierra Leone,28/8/2015,13586,3952
Mali,31/8/2015,8,6
Liberia,31/8/2015,6,2
Guinea,31/8/2015,3790,2528
Sierra Leone,31/8/2015,13603,3953
Nigeria,31/8/2015,20,8
Senegal,31/8/2015,1,0
Liberia,31/8/2015,10666,4806
Spain,31/8/2015,1,0
United States of America,31/8/2015,4,1
United Kingdom,31/8/2015,1,0
Italy,31/8/2015,1,0
Spain,1/9/2015,1,0
Guinea,1/9/2015,3792,2529
Liberia,1/9/2015,10666,4806
Sierra Leone,1/9/2015,13609,3953
United States of America,1/9/2015,4,1
Liberia,1/9/2015,6,2
Mali,1/9/2015,8,6
Italy,1/9/2015,1,0
United Kingdom,1/9/2015,1,0
Senegal,1/9/2015,1,0
Nigeria,1/9/2015,20,8
Sierra Leone,2/9/2015,13609,3953
Mali,2/9/2015,8,6
United States of America,2/9/2015,4,1
United Kingdom,2/9/2015,1,0
Guinea,2/9/2015,3792,2529
Liberia,2/9/2015,10666,4806
Spain,2/9/2015,1,0
Senegal,2/9/2015,1,0
Italy,2/9/2015,1,0
Nigeria,2/9/2015,20,8
Liberia,2/9/2015,6,2
Italy,3/9/2015,1,0
Spain,3/9/2015,1,0
Mali,3/9/2015,8,6
United States of America,3/9/2015,4,1
Guinea,3/9/2015,3792,2529
Senegal,3/9/2015,1,0
United Kingdom,3/9/2015,1,0
Liberia,3/9/2015,10666,4806
Nigeria,3/9/2015,20,8
Liberia,3/9/2015,6,2
Sierra Leone,3/9/2015,13638,3953
Spain,4/9/2015,1,0
United States of America,4/9/2015,4,1
Italy,4/9/2015,1,0
Liberia,4/9/2015,10666,4806
Senegal,4/9/2015,1,0
Nigeria,4/9/2015,20,8
Guinea,4/9/2015,3792,2529
Sierra Leone,4/9/2015,13639,3953
Liberia,4/9/2015,6,2
United Kingdom,4/9/2015,1,0
Mali,4/9/2015,8,6
Nigeria,7/9/2015,20,8
Mali,7/9/2015,8,6
Guinea,7/9/2015,3793,2530
Liberia,7/9/2015,6,2
Senegal,7/9/2015,1,0
Italy,7/9/2015,1,0
Spain,7/9/2015,1,0
United States of America,7/9/2015,4,1
United Kingdom,7/9/2015,1,0
Sierra Leone,7/9/2015,13670,3953
Liberia,7/9/2015,10666,4806
Senegal,8/9/2015,1,0
Liberia,8/9/2015,6,2
Nigeria,8/9/2015,20,8
Guinea,8/9/2015,3792,2530
United States of America,8/9/2015,4,1
Sierra Leone,8/9/2015,13683,3953
United Kingdom,8/9/2015,1,0
Mali,8/9/2015,8,6
Italy,8/9/2015,1,0
Liberia,8/9/2015,10666,4806
Spain,8/9/2015,1,0
Sierra Leone,9/9/2015,13683,3953
Italy,9/9/2015,1,0
United Kingdom,9/9/2015,1,0
Senegal,9/9/2015,1,0
Guinea,9/9/2015,3792,2530
Liberia,9/9/2015,10666,4806
United States of America,9/9/2015,4,1
Liberia,9/9/2015,6,2
Mali,9/9/2015,8,6
Spain,9/9/2015,1,0
Nigeria,9/9/2015,20,8
Nigeria,10/9/2015,20,8
Guinea,10/9/2015,3791,2530
Liberia,10/9/2015,6,2
Sierra Leone,10/9/2015,13697,3953
Italy,10/9/2015,1,0
United States of America,10/9/2015,4,1
Liberia,10/9/2015,10666,4806
United Kingdom,10/9/2015,1,0
Spain,10/9/2015,1,0
Mali,10/9/2015,8,6
Senegal,10/9/2015,1,0
Sierra Leone,11/9/2015,13701,3953
Nigeria,11/9/2015,20,8
Mali,11/9/2015,8,6
Liberia,11/9/2015,10666,4806
Italy,11/9/2015,1,0
Guinea,11/9/2015,3791,2530
Liberia,11/9/2015,6,2
United States of America,11/9/2015,4,1
Spain,11/9/2015,1,0
Senegal,11/9/2015,1,0
United Kingdom,11/9/2015,1,0
Spain,14/9/2015,1,0
Liberia,14/9/2015,6,2
Senegal,14/9/2015,1,0
Italy,14/9/2015,1,0
Guinea,14/9/2015,3793,2530
Nigeria,14/9/2015,20,8
Sierra Leone,14/9/2015,13747,3953
United Kingdom,14/9/2015,1,0
United States of America,14/9/2015,4,1
Liberia,14/9/2015,10666,4806
Mali,14/9/2015,8,6
Senegal,15/9/2015,1,0
Italy,15/9/2015,1,0
United States of America,15/9/2015,4,1
Spain,15/9/2015,1,0
Sierra Leone,15/9/2015,13756,3953
United Kingdom,15/9/2015,1,0
Nigeria,15/9/2015,20,8
Liberia,15/9/2015,10666,4806
Guinea,15/9/2015,3792,2530
Mali,15/9/2015,8,6
Liberia,15/9/2015,6,2
Guinea,16/9/2015,3792,2530
Liberia,16/9/2015,10666,4806
Senegal,16/9/2015,1,0
United Kingdom,16/9/2015,1,0
Spain,16/9/2015,1,0
Italy,16/9/2015,1,0
Mali,16/9/2015,8,6
United States of America,16/9/2015,4,1
Liberia,16/9/2015,6,2
Sierra Leone,16/9/2015,13756,3953
Nigeria,16/9/2015,20,8
Sierra Leone,17/9/2015,13779,3955
Liberia,17/9/2015,6,2
Mali,17/9/2015,8,6
Spain,17/9/2015,1,0
Senegal,17/9/2015,1,0
Guinea,17/9/2015,3794,2530
Liberia,17/9/2015,10666,4806
United States of America,17/9/2015,4,1
Nigeria,17/9/2015,20,8
United Kingdom,17/9/2015,1,0
Italy,17/9/2015,1,0
Liberia,18/9/2015,6,2
Senegal,18/9/2015,1,0
Nigeria,18/9/2015,20,8
United Kingdom,18/9/2015,1,0
Liberia,18/9/2015,10666,4806
Spain,18/9/2015,1,0
Mali,18/9/2015,8,6
United States of America,18/9/2015,4,1
Guinea,18/9/2015,3794,2531
Sierra Leone,18/9/2015,13785,3955
Italy,18/9/2015,1,0
Liberia,21/9/2015,10666,4806
Nigeria,21/9/2015,20,8
Mali,21/9/2015,8,6
United Kingdom,21/9/2015,1,0
Guinea,21/9/2015,3797,2532
Senegal,21/9/2015,1,0
United States of America,21/9/2015,4,1
Liberia,21/9/2015,6,2
Italy,21/9/2015,1,0
Sierra Leone,21/9/2015,13811,3955
Spain,21/9/2015,1,0
Nigeria,22/9/2015,20,8
Italy,22/9/2015,1,0
United States of America,22/9/2015,4,1
Liberia,22/9/2015,6,2
Spain,22/9/2015,1,0
Sierra Leone,22/9/2015,13823,3955
Mali,22/9/2015,8,6
United Kingdom,22/9/2015,1,0
Guinea,22/9/2015,3800,2532
Liberia,22/9/2015,10666,4806
Senegal,22/9/2015,1,0
Nigeria,23/9/2015,20,8
Spain,23/9/2015,1,0
United Kingdom,23/9/2015,1,0
Sierra Leone,23/9/2015,13823,3955
Liberia,23/9/2015,6,2
Senegal,23/9/2015,1,0
United States of America,23/9/2015,4,1
Liberia,23/9/2015,10666,4806
Mali,23/9/2015,8,6
Italy,23/9/2015,1,0
Guinea,23/9/2015,3800,2532
United Kingdom,24/9/2015,1,0
Nigeria,24/9/2015,20,8
Guinea,24/9/2015,3801,2533
Sierra Leone,24/9/2015,13846,3955
Liberia,24/9/2015,6,2
Italy,24/9/2015,1,0
Liberia,24/9/2015,10666,4806
Senegal,24/9/2015,1,0
United States of America,24/9/2015,4,1
Spain,24/9/2015,1,0
Mali,24/9/2015,8,6
Guinea,25/9/2015,3797,2533
United States of America,25/9/2015,4,1
Senegal,25/9/2015,1,0
Sierra Leone,25/9/2015,13855,3955
Liberia,25/9/2015,10666,4806
United Kingdom,25/9/2015,1,0
Mali,25/9/2015,8,6
Italy,25/9/2015,1,0
Spain,25/9/2015,1,0
Liberia,25/9/2015,6,2
Nigeria,25/9/2015,20,8
Liberia,28/9/2015,10666,4806
Spain,28/9/2015,1,0
Sierra Leone,28/9/2015,13894,3955
Liberia,28/9/2015,6,2
United States of America,28/9/2015,4,1
Mali,28/9/2015,8,6
Senegal,28/9/2015,1,0
Italy,28/9/2015,1,0
Guinea,28/9/2015,3805,2533
Nigeria,28/9/2015,20,8
United Kingdom,28/9/2015,1,0
Sierra Leone,29/9/2015,13911,3955
Liberia,29/9/2015,6,2
Liberia,29/9/2015,10666,4806
United States of America,29/9/2015,4,1
Spain,29/9/2015,1,0
Nigeria,29/9/2015,20,8
Mali,29/9/2015,8,6
Senegal,29/9/2015,1,0
Italy,29/9/2015,1,0
Guinea,29/9/2015,3805,2533
United Kingdom,29/9/2015,1,0
United States of America,30/9/2015,4,1
Mali,30/9/2015,8,6
Sierra Leone,30/9/2015,13911,3955
Liberia,30/9/2015,10666,4806
Italy,30/9/2015,1,0
Nigeria,30/9/2015,20,8
Senegal,30/9/2015,1,0
Guinea,30/9/2015,3805,2533
Spain,30/9/2015,1,0
United Kingdom,30/9/2015,1,0
Liberia,30/9/2015,6,2
Liberia,1/10/2015,10666,4806
Italy,1/10/2015,1,0
United Kingdom,1/10/2015,1,0
Guinea,1/10/2015,3808,2533
Mali,1/10/2015,8,6
United States of America,1/10/2015,4,1
Spain,1/10/2015,1,0
Liberia,1/10/2015,6,2
Nigeria,1/10/2015,20,8
Sierra Leone,1/10/2015,13928,3955
Senegal,1/10/2015,1,0
Senegal,2/10/2015,1,0
United States of America,2/10/2015,4,1
Nigeria,2/10/2015,20,8
Mali,2/10/2015,8,6
Spain,2/10/2015,1,0
Guinea,2/10/2015,3809,2533
Italy,2/10/2015,1,0
Liberia,2/10/2015,10666,4806
Liberia,2/10/2015,6,2
United Kingdom,2/10/2015,1,0
Sierra Leone,2/10/2015,13931,3955
Guinea,5/10/2015,3804,2534
United States of America,5/10/2015,4,1
United Kingdom,5/10/2015,1,0
Italy,5/10/2015,1,0
Liberia,5/10/2015,10666,4806
Spain,5/10/2015,1,0
Senegal,5/10/2015,1,0
Sierra Leone,5/10/2015,13941,3955
Liberia,5/10/2015,6,2
Nigeria,5/10/2015,20,8
Mali,5/10/2015,8,6
United Kingdom,6/10/2015,1,0
Liberia,6/10/2015,6,2
Senegal,6/10/2015,1,0
Italy,6/10/2015,1,0
Mali,6/10/2015,8,6
Spain,6/10/2015,1,0
Sierra Leone,6/10/2015,13945,3955
United States of America,6/10/2015,4,1
Guinea,6/10/2015,3804,2534
Nigeria,6/10/2015,20,8
Liberia,6/10/2015,10666,4806
Guinea,7/10/2015,3804,2534
Mali,7/10/2015,8,6
Sierra Leone,7/10/2015,13945,3955
Nigeria,7/10/2015,20,8
Liberia,7/10/2015,6,2
Italy,7/10/2015,1,0
United States of America,7/10/2015,4,1
Liberia,7/10/2015,10666,4806
United Kingdom,7/10/2015,1,0
Spain,7/10/2015,1,0
Senegal,7/10/2015,1,0
Italy,8/10/2015,1,0
Liberia,8/10/2015,6,2
Guinea,8/10/2015,3799,2534
Liberia,8/10/2015,10666,4806
United Kingdom,8/10/2015,1,0
Senegal,8/10/2015,1,0
Nigeria,8/10/2015,20,8
Mali,8/10/2015,8,6
United States of America,8/10/2015,4,1
Sierra Leone,8/10/2015,13956,3955
Spain,8/10/2015,1,0
Spain,9/10/2015,1,0
Nigeria,9/10/2015,20,8
Sierra Leone,9/10/2015,13957,3955
United Kingdom,9/10/2015,1,0
Liberia,9/10/2015,6,2
Liberia,9/10/2015,10666,4806
Senegal,9/10/2015,1,0
United States of America,9/10/2015,4,1
Italy,9/10/2015,1,0
Guinea,9/10/2015,3800,2534
Mali,9/10/2015,8,6
United Kingdom,13/10/2015,1,0
Liberia,13/10/2015,10666,4806
Italy,13/10/2015,1,0
Sierra Leone,13/10/2015,13982,3955
Liberia,13/10/2015,6,2
Nigeria,13/10/2015,20,8
Spain,13/10/2015,1,0
Guinea,13/10/2015,3800,2534
Senegal,13/10/2015,1,0
United States of America,13/10/2015,4,1
Mali,13/10/2015,8,6
United Kingdom,15/10/2015,1,0
Liberia,15/10/2015,10666,4806
Senegal,15/10/2015,1,0
Guinea,15/10/2015,3802,2534
Mali,15/10/2015,8,6
Spain,15/10/2015,1,0
Nigeria,15/10/2015,20,8
Sierra Leone,15/10/2015,13992,3955
Italy,15/10/2015,1,0
Liberia,15/10/2015,6,2
United States of America,15/10/2015,4,1
United States of America,16/10/2015,4,1
Liberia,16/10/2015,10666,4806
Senegal,16/10/2015,1,0
Italy,16/10/2015,1,0
Liberia,16/10/2015,6,2
Mali,16/10/2015,8,6
Sierra Leone,16/10/2015,13992,3955
Guinea,16/10/2015,3804,2535
Nigeria,16/10/2015,20,8
Spain,16/10/2015,1,0
United Kingdom,16/10/2015,1,0
Italy,20/10/2015,1,0
Nigeria,20/10/2015,20,8
Senegal,20/10/2015,1,0
United States of America,20/10/2015,4,1
Guinea,20/10/2015,3803,2535
Sierra Leone,20/10/2015,14001,3955
United Kingdom,20/10/2015,1,0
Spain,20/10/2015,1,0
Liberia,20/10/2015,6,2
Liberia,20/10/2015,10666,4806
Mali,20/10/2015,8,6
Liberia,22/10/2015,6,2
Spain,22/10/2015,1,0
Italy,22/10/2015,1,0
Nigeria,22/10/2015,20,8
Liberia,22/10/2015,10666,4806
Sierra Leone,22/10/2015,14031,3955
United Kingdom,22/10/2015,1,0
Senegal,22/10/2015,1,0
Guinea,22/10/2015,3801,2535
Mali,22/10/2015,8,6
United States of America,22/10/2015,4,1
Mali,23/10/2015,8,6
Nigeria,23/10/2015,20,8
Senegal,23/10/2015,1,0
United Kingdom,23/10/2015,1,0
Guinea,23/10/2015,3801,2535
Spain,23/10/2015,1,0
Liberia,23/10/2015,10666,4806
United States of America,23/10/2015,4,1
Liberia,23/10/2015,6,2
Sierra Leone,23/10/2015,14038,3955
Italy,23/10/2015,1,0
Sierra Leone,26/10/2015,14052,3955
Guinea,26/10/2015,3804,2535
Italy,26/10/2015,1,0
United Kingdom,26/10/2015,1,0
United States of America,26/10/2015,4,1
Senegal,26/10/2015,1,0
Spain,26/10/2015,1,0
Liberia,26/10/2015,10666,4806
Nigeria,26/10/2015,20,8
Mali,26/10/2015,8,6
Liberia,26/10/2015,6,2
Liberia,27/10/2015,6,2
Mali,27/10/2015,8,6
Guinea,27/10/2015,3806,2535
United Kingdom,27/10/2015,1,0
Sierra Leone,27/10/2015,14061,3955
Spain,27/10/2015,1,0
Senegal,27/10/2015,1,0
Italy,27/10/2015,1,0
Nigeria,27/10/2015,20,8
United States of America,27/10/2015,4,1
Liberia,27/10/2015,10666,4806
Sierra Leone,29/10/2015,14066,3955
Nigeria,29/10/2015,20,8
Guinea,29/10/2015,3808,2536
Liberia,29/10/2015,6,2
Italy,29/10/2015,1,0
United Kingdom,29/10/2015,1,0
United States of America,29/10/2015,4,1
Mali,29/10/2015,8,6
Senegal,29/10/2015,1,0
Spain,29/10/2015,1,0
Liberia,29/10/2015,10666,4806
Senegal,30/10/2015,1,0
United Kingdom,30/10/2015,1,0
Nigeria,30/10/2015,20,8
Italy,30/10/2015,1,0
Spain,30/10/2015,1,0
Sierra Leone,30/10/2015,14067,3955
Liberia,30/10/2015,10666,4806
Liberia,30/10/2015,6,2
United States of America,30/10/2015,4,1
Mali,30/10/2015,8,6
Guinea,30/10/2015,3808,2536
Nigeria,3/11/2015,20,8
Sierra Leone,3/11/2015,14089,3955
Liberia,3/11/2015,6,2
United States of America,3/11/2015,4,1
Mali,3/11/2015,8,6
Guinea,3/11/2015,3810,2536
United Kingdom,3/11/2015,1,0
Liberia,3/11/2015,10666,4806
Spain,3/11/2015,1,0
Senegal,3/11/2015,1,0
Italy,3/11/2015,1,0
Nigeria,5/11/2015,20,8
United Kingdom,5/11/2015,1,0
Mali,5/11/2015,8,6
Senegal,5/11/2015,1,0
Liberia,5/11/2015,6,2
Sierra Leone,5/11/2015,14104,3955
Italy,5/11/2015,1,0
Spain,5/11/2015,1,0
Liberia,5/11/2015,10666,4806
United States of America,5/11/2015,4,1
Guinea,5/11/2015,3805,2536
Italy,6/11/2015,1,0
United Kingdom,6/11/2015,1,0
Liberia,6/11/2015,10666,4806
Sierra Leone,6/11/2015,14109,3955
United States of America,6/11/2015,4,1
Liberia,6/11/2015,6,2
Senegal,6/11/2015,1,0
Guinea,6/11/2015,3805,2536
Mali,6/11/2015,8,6
Spain,6/11/2015,1,0
Nigeria,6/11/2015,20,8
United States of America,10/11/2015,4,1
Nigeria,10/11/2015,20,8
Guinea,10/11/2015,3805,2536
Italy,10/11/2015,1,0
Spain,10/11/2015,1,0
Liberia,10/11/2015,10666,4806
Senegal,10/11/2015,1,0
United Kingdom,10/11/2015,1,0
Mali,10/11/2015,8,6
Sierra Leone,10/11/2015,14122,3955
Liberia,10/11/2015,6,2
Italy,11/11/2015,1,0
Guinea,11/11/2015,3805,2536
United Kingdom,11/11/2015,1,0
Liberia,11/11/2015,10666,4806
Sierra Leone,11/11/2015,14122,3955
Mali,11/11/2015,8,6
United States of America,11/11/2015,4,1
Spain,11/11/2015,1,0
Liberia,11/11/2015,6,2
Nigeria,11/11/2015,20,8
Senegal,11/11/2015,1,0
United States of America,12/11/2015,4,1
Liberia,12/11/2015,10666,4806
Senegal,12/11/2015,1,0
Sierra Leone,12/11/2015,14122,3955
Spain,12/11/2015,1,0
Mali,12/11/2015,8,6
Liberia,12/11/2015,6,2
Nigeria,12/11/2015,20,8
Italy,12/11/2015,1,0
United Kingdom,12/11/2015,1,0
Guinea,12/11/2015,3805,2536
Mali,16/11/2015,8,6
United States of America,16/11/2015,4,1
Liberia,16/11/2015,6,2
Sierra Leone,16/11/2015,14122,3955
Senegal,16/11/2015,1,0
Liberia,16/11/2015,10666,4806
Nigeria,16/11/2015,20,8
Guinea,16/11/2015,3805,2536
Spain,16/11/2015,1,0
Italy,16/11/2015,1,0
United Kingdom,16/11/2015,1,0
United Kingdom,17/11/2015,1,0
United States of America,17/11/2015,4,1
Italy,17/11/2015,1,0
Liberia,17/11/2015,6,2
Guinea,17/11/2015,3804,2536
Sierra Leone,17/11/2015,14122,3955
Senegal,17/11/2015,1,0
Liberia,17/11/2015,10666,4806
Nigeria,17/11/2015,20,8
Mali,17/11/2015,8,6
Spain,17/11/2015,1,0
Liberia,20/11/2015,10666,4806
Senegal,20/11/2015,1,0
Guinea,20/11/2015,3804,2536
Liberia,20/11/2015,6,2
Sierra Leone,20/11/2015,14122,3955
Spain,20/11/2015,1,0
United States of America,20/11/2015,4,1
Mali,20/11/2015,8,6
United Kingdom,20/11/2015,1,0
Nigeria,20/11/2015,20,8
Italy,20/11/2015,1,0
United States of America,24/11/2015,4,1
Mali,24/11/2015,8,6
Liberia,24/11/2015,6,2
Nigeria,24/11/2015,20,8
Senegal,24/11/2015,1,0
Sierra Leone,24/11/2015,14122,3955
United Kingdom,24/11/2015,1,0
Guinea,24/11/2015,3804,2536
Italy,24/11/2015,1,0
Spain,24/11/2015,1,0
Liberia,24/11/2015,10666,4806
United States of America,26/11/2015,4,1
Italy,26/11/2015,1,0
Guinea,26/11/2015,3804,2536
United Kingdom,26/11/2015,1,0
Liberia,26/11/2015,9,2
Spain,26/11/2015,1,0
Liberia,26/11/2015,10666,4806
Senegal,26/11/2015,1,0
Nigeria,26/11/2015,20,8
Mali,26/11/2015,8,6
Sierra Leone,26/11/2015,14122,3955
Nigeria,1/12/2015,20,8
Italy,1/12/2015,1,0
Guinea,1/12/2015,3804,2536
Liberia,1/12/2015,9,2
Spain,1/12/2015,1,0
United States of America,1/12/2015,4,1
Liberia,1/12/2015,10666,4806
Sierra Leone,1/12/2015,14122,3955
Senegal,1/12/2015,1,0
Mali,1/12/2015,8,6
United Kingdom,1/12/2015,1,0
Guinea,2/12/2015,3804,2536
United Kingdom,2/12/2015,1,0
United States of America,2/12/2015,4,1
Liberia,2/12/2015,10666,4806
Spain,2/12/2015,1,0
Liberia,2/12/2015,9,3
Sierra Leone,2/12/2015,14122,3955
Senegal,2/12/2015,1,0
Mali,2/12/2015,8,6
Nigeria,2/12/2015,20,8
Italy,2/12/2015,1,0
Guinea,3/12/2015,3805,2536
Liberia,3/12/2015,10666,4806
Italy,3/12/2015,1,0
Liberia,3/12/2015,9,3
Mali,3/12/2015,8,6
United States of America,3/12/2015,4,1
United Kingdom,3/12/2015,1,0
Spain,3/12/2015,1,0
Nigeria,3/12/2015,20,8
Sierra Leone,3/12/2015,14122,3955
Senegal,3/12/2015,1,0
Guinea,9/12/2015,3804,2536
United Kingdom,9/12/2015,1,0
Spain,9/12/2015,1,0
Italy,9/12/2015,1,0
Liberia,9/12/2015,10666,4806
Senegal,9/12/2015,1,0
United States of America,9/12/2015,4,1
Liberia,9/12/2015,9,3
Mali,9/12/2015,8,6
Sierra Leone,9/12/2015,14122,3955
Nigeria,9/12/2015,20,8
Italy,10/12/2015,1,0
Spain,10/12/2015,1,0
Nigeria,10/12/2015,20,8
Liberia,10/12/2015,9,3
Guinea,10/12/2015,3804,2536
United Kingdom,10/12/2015,1,0
United States of America,10/12/2015,4,1
Mali,10/12/2015,8,6
Liberia,10/12/2015,10666,4806
Senegal,10/12/2015,1,0
Sierra Leone,10/12/2015,14122,3955
Spain,11/12/2015,1,0
United States of America,11/12/2015,4,1
Nigeria,11/12/2015,20,8
Senegal,11/12/2015,1,0
Guinea,11/12/2015,3804,2536
Mali,11/12/2015,8,6
United Kingdom,11/12/2015,1,0
Liberia,11/12/2015,9,3
Italy,11/12/2015,1,0
Sierra Leone,11/12/2015,14122,3955
Liberia,11/12/2015,10666,4806
Sierra Leone,15/12/2015,14122,3955
United States of America,15/12/2015,4,1
Mali,15/12/2015,8,6
Spain,15/12/2015,1,0
Italy,15/12/2015,1,0
Guinea,15/12/2015,3807,2536
Senegal,15/12/2015,1,0
Nigeria,15/12/2015,20,8
Liberia,15/12/2015,9,3
United Kingdom,15/12/2015,1,0
Liberia,15/12/2015,10666,4806
Spain,16/12/2015,1,0
Mali,16/12/2015,8,6
Guinea,16/12/2015,3807,2536
United Kingdom,16/12/2015,1,0
Italy,16/12/2015,1,0
United States of America,16/12/2015,4,1
Nigeria,16/12/2015,20,8
Senegal,16/12/2015,1,0
Liberia,16/12/2015,10666,4806
Sierra Leone,16/12/2015,14122,3955
Liberia,16/12/2015,9,3
Liberia,17/12/2015,9,3
Nigeria,17/12/2015,20,8
Spain,17/12/2015,1,0
Liberia,17/12/2015,10666,4806
Mali,17/12/2015,8,6
United Kingdom,17/12/2015,1,0
Sierra Leone,17/12/2015,14122,3955
Guinea,17/12/2015,3805,2536
Italy,17/12/2015,1,0
Senegal,17/12/2015,1,0
United States of America,17/12/2015,4,1
Nigeria,22/12/2015,20,8
Guinea,22/12/2015,3804,2536
Senegal,22/12/2015,1,0
Liberia,22/12/2015,9,3
Spain,22/12/2015,1,0
Mali,22/12/2015,8,6
Sierra Leone,22/12/2015,14122,3955
United Kingdom,22/12/2015,1,0
Italy,22/12/2015,1,0
United States of America,22/12/2015,4,1
Liberia,22/12/2015,10666,4806
United Kingdom,23/12/2015,1,0
Italy,23/12/2015,1,0
Guinea,23/12/2015,3804,2536
Senegal,23/12/2015,1,0
Liberia,23/12/2015,10666,4806
Spain,23/12/2015,1,0
Mali,23/12/2015,8,6
Sierra Leone,23/12/2015,14122,3955
Liberia,23/12/2015,9,3
Nigeria,23/12/2015,20,8
United States of America,23/12/2015,4,1
United Kingdom,29/12/2015,1,0
Italy,29/12/2015,1,0
Spain,29/12/2015,1,0
Liberia,29/12/2015,10666,4806
Liberia,29/12/2015,9,3
Sierra Leone,29/12/2015,14122,3955
Mali,29/12/2015,8,6
Guinea,29/12/2015,3804,2536
United States of America,29/12/2015,4,1
Nigeria,29/12/2015,20,8
Senegal,29/12/2015,1,0
Guinea,23/3/2016,3804,2536
Spain,23/3/2016,1,0
Sierra Leone,23/3/2016,14122,3955
Senegal,23/3/2016,1,0
Mali,23/3/2016,8,6
United Kingdom,23/3/2016,1,0
Liberia,23/3/2016,9,3
Liberia,23/3/2016,10666,4806
Italy,23/3/2016,1,0
Liberia,23/3/2016,5,4
Nigeria,23/3/2016,20,8
United States of America,23/3/2016,4,1
